<?xml version="1.0" encoding="UTF-8"?>
<project-private xmlns="http://www.netbeans.org/ns/project-private/1">
    <data xmlns="http://www.netbeans.org/ns/make-project-private/1">
        <activeConfTypeElem>1</activeConfTypeElem>
        <activeConfIndexElem>0</activeConfIndexElem>
    </data>
    <editor-bookmarks xmlns="http://www.netbeans.org/ns/editor-bookmarks/2" lastBookmarkId="0"/>
    <open-files xmlns="http://www.netbeans.org/ns/projectui-open-files/2">
        <group>
            <file>file:/C:/Users/javie/OneDrive/Documents/NetBeansProjects/I3/inventory.c</file>
            <file>file:/C:/Users/javie/OneDrive/Documents/NetBeansProjects/I3/game.h</file>
            <file>file:/C:/Users/javie/OneDrive/Documents/NetBeansProjects/I3/link.h</file>
            <file>file:/C:/Users/javie/OneDrive/Documents/NetBeansProjects/I3/types.h</file>
            <file>file:/C:/Users/javie/OneDrive/Documents/NetBeansProjects/I3/link.c</file>
            <file>file:/C:/Users/javie/OneDrive/Documents/NetBeansProjects/I3/game.c</file>
            <file>file:/C:/Users/javie/OneDrive/Documents/NetBeansProjects/I3/space.c</file>
            <file>file:/C:/Users/javie/OneDrive/Documents/NetBeansProjects/I3/hormiguero.dat</file>
        </group>
    </open-files>
</project-private>
